<?xml version="1.0" encoding="windows-1252" standalone="no"?>
<!DOCTYPE log SYSTEM "logger.dtd">
<log>
<record>
  <date>2007-03-26T22:22:59</date>
  <millis>1174972979718</millis>
  <sequence>0</sequence>
  <logger>loggerdemo</logger>
  <level>INFO</level>
  <class>UseMultipleHandlers</class>
  <method>main</method>
  <thread>10</thread>
  <message>doing stuff</message>
</record>
<record>
  <date>2007-03-26T22:22:59</date>
  <millis>1174972979718</millis>
  <sequence>2</sequence>
  <logger>loggerdemo</logger>
  <level>INFO</level>
  <class>UseMultipleHandlers</class>
  <method>main</method>
  <thread>10</thread>
  <message>done</message>
</record>
</log>
