<?xml version="1.0" encoding="UTF-8"?>
<project-private xmlns="http://www.netbeans.org/ns/project-private/1">
    <editor-bookmarks xmlns="http://www.netbeans.org/ns/editor-bookmarks/1"/>
    <open-files xmlns="http://www.netbeans.org/ns/projectui-open-files/1">
        <file>file:/C:/handson2/development/javabeans/samples/MyEventExample/src/MyEvent.java</file>
        <file>file:/C:/handson2/development/javabeans/samples/MyEventExample/src/MyEventExample.java</file>
        <file>file:/C:/handson2/development/javabeans/samples/MyEventExample/src/MyEventListenerImpl.java</file>
        <file>file:/C:/handson2/development/javabeans/samples/MyEventExample/src/MyEventListenerInterface.java</file>
        <file>file:/C:/handson2/development/javabeans/samples/MyEventExample/src/MyEventSource.java</file>
    </open-files>
</project-private>
